base_bars,base_label,q_multiple,horizon_bars,horizon_label,horizon_minutes,variance_ratio,vr_curve_change,vr_signal,n_push_response_pairs,response_curve_slope,signed_conditional_response,pr_signal,joint_reading
1,5 min,1,1,5 min,5,1.0,,baseline,584590,-0.025925346784392934,-0.012855669936747591,mean-reverting,push-response only: mean-reverting
1,5 min,2,2,10 min,10,0.9774800331985545,-0.022519966801445523,mean-reverting,292325,-0.028352545144005824,-0.015146853953791561,mean-reverting,mean-reverting
1,5 min,3,3,15 min,15,0.9609448142838856,-0.016535218914668914,mean-reverting,194857,-0.03907598715050247,-0.018100121547376263,mean-reverting,mean-reverting
1,5 min,6,6,30 min,30,0.9458005415025565,-0.009428231207864068,no clear,97424,-0.016738250230706377,-0.010006055944978312,mean-reverting,weak mean-reverting
1,5 min,12,12,1.0 hr,60,0.9297728443675554,-0.00896771854452505,no clear,48715,-0.008688549918094481,-0.0028961054421081855,no clear,no clear
1,5 min,24,24,2.0 hr,120,0.9193062476801493,-0.004033884517267938,no clear,24357,0.01949756681560748,0.009915459402804434,trend-following,weak trend-following
1,5 min,48,48,4.0 hr,240,0.9241604948748295,0.006315216991307548,no clear,12175,0.0033557581033872024,0.004439461595368443,no clear,no clear
1,5 min,96,96,8.0 hr,480,0.9295443400810087,0.0025784862720533708,no clear,6087,0.002707621995820365,0.010178230016204515,no clear,no clear
1,5 min,192,192,16.0 hr,960,0.9193020690975353,-0.010242270983473412,mean-reverting,3042,0.020250960138584084,0.013377741041386918,trend-following,mixed evidence
